Generation #,Max Fitness,Average Fitness
0,5.374071,0.3405107
1,10.80107,0.7269379
2,10.82685,1.016749
3,10.81326,1.530223

