Generation #,Max Fitness,Average Fitness
0,1.951207,0.4196102
1,2.313656,0.9640772
2,2.594352,1.775262
3,2.636038,1.906852
4,2.554277,1.681602
5,2.667555,1.740254
6,2.715024,1.67604
7,2.666794,1.901827
8,2.760051,1.894878
9,2.863491,1.987494
10,3.858743,1.990399
11,3.5215,1.840986
12,3.855116,2.077292
13,3.708532,2.363763

