Generation #,Max Fitness,Average Fitness
0,4.596526,0.2760738
1,4.161364,0.5239158

