Generation #,Max Fitness,Average Fitness
0,3.075403,0.2800717
1,6.27714,0.6840631
2,3.699404,1.106165
3,4.971074,1.2794
4,3.618239,1.440265
5,3.618307,1.486927
6,3.618301,1.38007
7,3.618176,1.278973
8,3.545653,1.574084
9,3.544167,1.583034
10,5.950996,1.50636
11,6.222825,1.458204
12,6.360737,1.527973
13,6.38226,1.493424
14,6.070159,1.633641
15,6.194311,1.709247

