{"cameraMode":{"drawMode":0,"name":"Shaded","section":"Shading Mode"},"sceneLighting":false,"audioPlay":false,"sceneViewState":{"showFog":true,"showMaterialUpdate":false,"showSkybox":true,"showFlares":true,"showImageEffects":true,"showParticleSystems":true},"in2DMode":false,"pivot":{"x":-0.31922581791877749,"y":0.923863410949707,"z":-2.4781482219696047},"rotation":{"x":0.00456415256485343,"y":-0.9947486519813538,"z":0.05017413571476936,"w":0.08946859836578369},"size":4.266211032867432,"orthographic":false}