{"cameraMode":{"drawMode":0,"name":"Shaded","section":"Shading Mode"},"sceneLighting":false,"audioPlay":false,"sceneViewState":{"showFog":true,"showMaterialUpdate":false,"showSkybox":true,"showFlares":true,"showImageEffects":true,"showParticleSystems":true},"in2DMode":false,"pivot":{"x":0.24885194003582,"y":1.2980796098709107,"z":-0.18526780605316163},"rotation":{"x":-0.0786348432302475,"y":-0.7429731488227844,"z":0.0886925682425499,"w":-0.658762514591217},"size":1.561410665512085,"orthographic":false}