{"cameraMode":{"drawMode":0,"name":"Shaded","section":"Shading Mode"},"sceneLighting":false,"audioPlay":false,"sceneViewState":{"showFog":true,"showMaterialUpdate":false,"showSkybox":false,"showFlares":true,"showImageEffects":true,"showParticleSystems":true},"in2DMode":false,"pivot":{"x":0.16967809200286866,"y":1.5032882690429688,"z":-4.351319789886475},"rotation":{"x":-0.0020035612396895887,"y":-0.9962562322616577,"z":-0.024515798315405847,"w":0.08328449726104737},"size":4.566211223602295,"orthographic":false}