{"cameraMode":{"drawMode":0,"name":"Shaded","section":"Shading Mode"},"sceneLighting":false,"audioPlay":false,"sceneViewState":{"showFog":true,"showMaterialUpdate":false,"showSkybox":true,"showFlares":true,"showImageEffects":true,"showParticleSystems":true},"in2DMode":false,"pivot":{"x":-0.38869887590408327,"y":0.6090555787086487,"z":-2.338775396347046},"rotation":{"x":0.00484995823353529,"y":-0.9943978786468506,"z":0.051652152091264728,"w":0.09244555234909058},"size":4.566211223602295,"orthographic":false}