{"cameraMode":{"drawMode":0,"name":"Shaded","section":"Shading Mode"},"sceneLighting":false,"audioPlay":false,"sceneViewState":{"showFog":true,"showMaterialUpdate":false,"showSkybox":true,"showFlares":true,"showImageEffects":true,"showParticleSystems":true},"in2DMode":false,"pivot":{"x":0.2526271939277649,"y":1.370667815208435,"z":1.2999941110610963},"rotation":{"x":0.005663692485541105,"y":-0.993644118309021,"z":0.05759267508983612,"w":0.09688716381788254},"size":0.18528050184249879,"orthographic":false}