{"cameraMode":{"drawMode":0,"name":"Shaded","section":"Shading Mode"},"sceneLighting":false,"audioPlay":false,"sceneViewState":{"showFog":true,"showMaterialUpdate":false,"showSkybox":true,"showFlares":true,"showImageEffects":true,"showParticleSystems":true},"in2DMode":false,"pivot":{"x":-1.598461389541626,"y":1.301717758178711,"z":-2.678133487701416},"rotation":{"x":0.002745799021795392,"y":-0.9401401281356812,"z":0.007621251977980137,"w":0.34073692560195925},"size":4.563261985778809,"orthographic":false}