{"cameraMode":{"drawMode":0,"name":"Shaded","section":"Shading Mode"},"sceneLighting":false,"audioPlay":false,"sceneViewState":{"showFog":true,"showMaterialUpdate":false,"showSkybox":false,"showFlares":true,"showImageEffects":true,"showParticleSystems":true},"in2DMode":false,"pivot":{"x":0.020921554416418077,"y":1.522212266921997,"z":1.2704335451126099},"rotation":{"x":-0.00003862853191094473,"y":-0.9979221820831299,"z":0.06445526331663132,"w":-0.0006004958413541317},"size":1.899806261062622,"orthographic":false}